MV,LSTAT,CRIM,CHAS,RM,DIS,RAD,TAX,PT,B,ZN,NOX,INDUS,AGE
24,4.98,0.00632,0,6.575,4.09,1,296,15.3,396.9,18,0.538,2.31,65.2
21.6,9.14,0.02731,0,6.421,4.9671,2,242,17.8,396.9,0,0.469,7.07,78.9
34.7,4.03,0.02729,0,7.185,4.9671,2,242,17.8,392.83,0,0.469,7.07,61.1
33.4,2.94,0.03237,0,6.998,6.0622,3,222,18.7,394.63,0,0.458,2.18,45.8
36.2,5.33,0.06905,0,7.147,6.0622,3,222,18.7,396.9,0,0.458,2.18,54.2
28.7,5.21,0.02985,0,6.43,6.0622,3,222,18.7,394.12,0,0.458,2.18,58.7
22.9,12.43,0.08829,0,6.012,5.5605,5,311,15.2,395.6,12.5,0.524,7.87,66.6
27.1,19.15,0.14455,0,6.172,5.9505,5,311,15.2,396.9,12.5,0.524,7.87,96.1
16.5,29.93,0.21124,0,5.631,6.0821,5,311,15.2,386.63,12.5,0.524,7.87,100
18.9,17.1,0.17004,0,6.004,6.5921,5,311,15.2,386.71,12.5,0.524,7.87,85.9
15,20.45,0.22489,0,6.377,6.3467,5,311,15.2,392.52,12.5,0.524,7.87,94.3
18.9,13.27,0.11747,0,6.009,6.2267,5,311,15.2,396.9,12.5,0.524,7.87,82.9
21.7,15.71,0.09378,0,5.889,5.4509,5,311,15.2,390.5,12.5,0.524,7.87,39
20.4,8.26,0.62976,0,5.949,4.7075,4,307,21,396.9,0,0.538,8.14,61.8
18.2,10.26,0.63796,0,6.096,4.4619,4,307,21,380.02,0,0.538,8.14,84.5
19.9,8.47,0.62739,0,5.834,4.4986,4,307,21,395.62,0,0.538,8.14,56.5
23.1,6.58,1.05393,0,5.935,4.4986,4,307,21,386.85,0,0.538,8.14,29.3
17.5,14.67,0.7842,0,5.99,4.2579,4,307,21,386.75,0,0.538,8.14,81.7
20.2,11.69,0.80271,0,5.456,3.7965,4,307,21,288.99,0,0.538,8.14,36.6
18.2,11.28,0.7258,0,5.727,3.7965,4,307,21,390.95,0,0.538,8.14,69.5
13.6,21.02,1.25179,0,5.57,3.7979,4,307,21,376.57,0,0.538,8.14,98.1
19.6,13.83,0.85204,0,5.965,4.0123,4,307,21,392.53,0,0.538,8.14,89.2
15.2,18.72,1.23247,0,6.142,3.9769,4,307,21,396.9,0,0.538,8.14,91.7
14.5,19.88,0.98843,0,5.813,4.0952,4,307,21,394.54,0,0.538,8.14,100
15.6,16.3,0.75026,0,5.924,4.3996,4,307,21,394.33,0,0.538,8.14,94.1
13.9,16.51,0.84054,0,5.599,4.4546,4,307,21,303.42,0,0.538,8.14,85.7
16.6,14.81,0.67191,0,5.813,4.682,4,307,21,376.88,0,0.538,8.14,90.3
14.8,17.28,0.95577,0,6.047,4.4534,4,307,21,306.38,0,0.538,8.14,88.8
18.4,12.8,0.77299,0,6.495,4.4547,4,307,21,387.94,0,0.538,8.14,94.4
21,11.98,1.00245,0,6.674,4.239,4,307,21,380.23,0,0.538,8.14,87.3
12.7,22.6,1.13081,0,5.713,4.233,4,307,21,360.17,0,0.538,8.14,94.1
14.5,13.04,1.35472,0,6.072,4.175,4,307,21,376.73,0,0.538,8.14,100
13.2,27.71,1.38799,0,5.95,3.99,4,307,21,232.6,0,0.538,8.14,82
13.1,18.35,1.15172,0,5.701,3.7872,4,307,21,358.77,0,0.538,8.14,95
13.5,20.34,1.61282,0,6.096,3.7598,4,307,21,248.31,0,0.538,8.14,96.9
18.9,9.68,0.06417,0,5.933,3.3603,5,279,19.2,396.9,0,0.499,5.96,68.2
20,11.41,0.09744,0,5.841,3.3779,5,279,19.2,377.56,0,0.499,5.96,61.4
21,8.77,0.08014,0,5.85,3.9342,5,279,19.2,396.9,0,0.499,5.96,41.5
24.7,10.13,0.17505,0,5.966,3.8473,5,279,19.2,393.43,0,0.499,5.96,30.2
30.8,4.32,0.02763,0,6.595,5.4011,3,252,18.3,395.63,75,0.428,2.95,21.8
34.9,1.98,0.03359,0,7.024,5.4011,3,252,18.3,395.62,75,0.428,2.95,15.8
26.6,4.84,0.12744,0,6.77,5.7209,3,233,17.9,385.41,0,0.448,6.91,2.9
25.3,5.81,0.1415,0,6.169,5.7209,3,233,17.9,383.37,0,0.448,6.91,6.6
24.7,7.44,0.15936,0,6.211,5.7209,3,233,17.9,394.46,0,0.448,6.91,6.5
21.2,9.55,0.12269,0,6.069,5.7209,3,233,17.9,389.39,0,0.448,6.91,40
19.3,10.21,0.17142,0,5.682,5.1004,3,233,17.9,396.9,0,0.448,6.91,33.8
20,14.15,0.18836,0,5.786,5.1004,3,233,17.9,396.9,0,0.448,6.91,33.3
16.6,18.8,0.22927,0,6.03,5.6894,3,233,17.9,392.74,0,0.448,6.91,85.5
14.4,30.81,0.25387,0,5.399,5.87,3,233,17.9,396.9,0,0.448,6.91,95.3
19.4,16.2,0.21977,0,5.602,6.0877,3,233,17.9,396.9,0,0.448,6.91,62
19.7,13.45,0.08873,0,5.963,6.8147,4,243,16.8,395.56,21,0.439,5.64,45.7
20.5,9.43,0.04337,0,6.115,6.8147,4,243,16.8,393.97,21,0.439,5.64,63
25,5.28,0.0536,0,6.511,6.8147,4,243,16.8,396.9,21,0.439,5.64,21.1
23.4,8.43,0.04981,0,5.998,6.8147,4,243,16.8,396.9,21,0.439,5.64,21.4
18.9,14.8,0.0136,0,5.888,7.3197,3,469,21.1,396.9,75,0.41,4,47.6
35.4,4.81,0.01311,0,7.249,8.6966,5,226,17.9,395.93,90,0.403,1.22,21.9
24.7,5.77,0.02055,0,6.383,9.1876,2,313,17.3,396.9,85,0.41,0.74,35.7
31.6,3.95,0.01432,0,6.816,8.3248,5,256,15.1,392.9,100,0.411,1.32,40.5
23.3,6.86,0.15445,0,6.145,7.8148,8,284,19.7,390.68,25,0.453,5.13,29.2
19.6,9.22,0.10328,0,5.927,6.932,8,284,19.7,396.9,25,0.453,5.13,47.2
18.7,13.15,0.14932,0,5.741,7.2254,8,284,19.7,395.11,25,0.453,5.13,66.2
16,14.44,0.17171,0,5.966,6.8185,8,284,19.7,378.08,25,0.453,5.13,93.4
22.2,6.73,0.11027,0,6.456,7.2255,8,284,19.7,396.9,25,0.453,5.13,67.8
25,9.5,0.1265,0,6.762,7.9809,8,284,19.7,395.58,25,0.453,5.13,43.4
33,8.05,0.01951,0,7.104,9.2229,3,216,18.6,393.24,17.5,0.4161,1.38,59.5
23.5,4.67,0.03584,0,6.29,6.6115,4,337,16.1,396.9,80,0.398,3.37,17.8
19.4,10.24,0.04379,0,5.787,6.6115,4,337,16.1,396.9,80,0.398,3.37,31.1
22,8.1,0.05789,0,5.878,6.498,4,345,18.9,396.21,12.5,0.409,6.07,21.4
17.4,13.09,0.13554,0,5.594,6.498,4,345,18.9,396.9,12.5,0.409,6.07,36.8
20.9,8.79,0.12816,0,5.885,6.498,4,345,18.9,396.9,12.5,0.409,6.07,33
24.2,6.72,0.08826,0,6.417,5.2873,4,305,19.2,383.73,0,0.413,10.81,6.6
21.7,9.88,0.15876,0,5.961,5.2873,4,305,19.2,376.94,0,0.413,10.81,17.5
22.8,5.52,0.09164,0,6.065,5.2873,4,305,19.2,390.91,0,0.413,10.81,7.8
23.4,7.54,0.19539,0,6.245,5.2873,4,305,19.2,377.17,0,0.413,10.81,6.2
24.1,6.78,0.07896,0,6.273,4.2515,5,398,18.7,394.92,0,0.437,12.83,6
21.4,8.94,0.09512,0,6.286,4.5026,5,398,18.7,383.23,0,0.437,12.83,45
20,11.97,0.10153,0,6.279,4.0522,5,398,18.7,373.66,0,0.437,12.83,74.5
20.8,10.27,0.08707,0,6.14,4.0905,5,398,18.7,386.96,0,0.437,12.83,45.8
21.2,12.34,0.05646,0,6.232,5.0141,5,398,18.7,386.4,0,0.437,12.83,53.7
20.3,9.1,0.08387,0,5.874,4.5026,5,398,18.7,396.06,0,0.437,12.83,36.6
28,5.29,0.04113,0,6.727,5.4007,4,281,19,396.9,25,0.426,4.86,33.5
23.9,7.22,0.04462,0,6.619,5.4007,4,281,19,395.63,25,0.426,4.86,70.4
24.8,6.72,0.03659,0,6.302,5.4007,4,281,19,396.9,25,0.426,4.86,32.2
22.9,7.51,0.03551,0,6.167,5.4007,4,281,19,390.64,25,0.426,4.86,46.7
23.9,9.62,0.05059,0,6.389,4.7794,3,247,18.5,396.9,0,0.449,4.49,48
26.6,6.53,0.05735,0,6.63,4.4377,3,247,18.5,392.3,0,0.449,4.49,56.1
22.5,12.86,0.05188,0,6.015,4.4272,3,247,18.5,395.99,0,0.449,4.49,45.1
22.2,8.44,0.07151,0,6.121,3.7476,3,247,18.5,395.15,0,0.449,4.49,56.8
23.6,5.5,0.0566,0,7.007,3.4217,2,270,17.8,396.9,0,0.489,3.41,86.3
28.7,5.7,0.05302,0,7.079,3.4145,2,270,17.8,396.06,0,0.489,3.41,63.1
22.6,8.81,0.04684,0,6.417,3.0923,2,270,17.8,392.18,0,0.489,3.41,66.1
22,8.2,0.03932,0,6.405,3.0921,2,270,17.8,393.55,0,0.489,3.41,73.9
22.9,8.16,0.04203,0,6.442,3.6659,4,270,18.2,395.01,28,0.464,15.04,53.6
25,6.21,0.02875,0,6.211,3.6659,4,270,18.2,396.33,28,0.464,15.04,28.9
20.6,10.59,0.04294,0,6.249,3.615,4,270,18.2,396.9,28,0.464,15.04,77.3
28.4,6.65,0.12204,0,6.625,3.4952,2,276,18,357.98,0,0.445,2.89,57.8
21.4,11.34,0.11504,0,6.163,3.4952,2,276,18,391.83,0,0.445,2.89,69.6
38.7,4.21,0.12083,0,8.069,3.4952,2,276,18,396.9,0,0.445,2.89,76
43.8,3.57,0.08187,0,7.82,3.4952,2,276,18,393.53,0,0.445,2.89,36.9
33.2,6.19,0.0686,0,7.416,3.4952,2,276,18,396.9,0,0.445,2.89,62.5
27.5,9.42,0.14866,0,6.727,2.7778,5,384,20.9,394.76,0,0.52,8.56,79.9
26.5,7.67,0.11432,0,6.781,2.8561,5,384,20.9,395.58,0,0.52,8.56,71.3
18.6,10.63,0.22876,0,6.405,2.7147,5,384,20.9,70.8,0,0.52,8.56,85.4
19.3,13.44,0.21161,0,6.137,2.7147,5,384,20.9,394.47,0,0.52,8.56,87.4
20.1,12.33,0.1396,0,6.167,2.421,5,384,20.9,392.69,0,0.52,8.56,90
19.5,16.47,0.13262,0,5.851,2.1069,5,384,20.9,394.05,0,0.52,8.56,96.7
19.5,18.66,0.1712,0,5.836,2.211,5,384,20.9,395.67,0,0.52,8.56,91.9
20.4,14.09,0.13117,0,6.127,2.1224,5,384,20.9,387.69,0,0.52,8.56,85.2
19.8,12.27,0.12802,0,6.474,2.4329,5,384,20.9,395.24,0,0.52,8.56,97.1
19.4,15.55,0.26363,0,6.229,2.5451,5,384,20.9,391.23,0,0.52,8.56,91.2
21.7,13,0.10793,0,6.195,2.7778,5,384,20.9,393.49,0,0.52,8.56,54.4
22.8,10.16,0.10084,0,6.715,2.6775,6,432,17.8,395.59,0,0.547,10.01,81.6
18.8,16.21,0.12329,0,5.913,2.3534,6,432,17.8,394.95,0,0.547,10.01,92.9
18.7,17.09,0.22212,0,6.092,2.548,6,432,17.8,396.9,0,0.547,10.01,95.4
18.5,10.45,0.14231,0,6.254,2.2565,6,432,17.8,388.74,0,0.547,10.01,84.2
18.3,15.76,0.17134,0,5.928,2.4631,6,432,17.8,344.91,0,0.547,10.01,88.2
21.2,12.04,0.13158,0,6.176,2.7301,6,432,17.8,393.3,0,0.547,10.01,72.5
19.2,10.3,0.15098,0,6.021,2.7474,6,432,17.8,394.51,0,0.547,10.01,82.6
20.4,15.37,0.13058,0,5.872,2.4775,6,432,17.8,338.63,0,0.547,10.01,73.1
19.3,13.61,0.14476,0,5.731,2.7592,6,432,17.8,391.5,0,0.547,10.01,65.2
22,14.37,0.06899,0,5.87,2.2577,2,188,19.1,389.15,0,0.581,25.65,69.7
20.3,14.27,0.07165,0,6.004,2.1974,2,188,19.1,377.67,0,0.581,25.65,84.1
20.5,17.93,0.09299,0,5.961,2.0869,2,188,19.1,378.09,0,0.581,25.65,92.9
17.3,25.41,0.15038,0,5.856,1.9444,2,188,19.1,370.31,0,0.581,25.65,97
18.8,17.58,0.09849,0,5.879,2.0063,2,188,19.1,379.38,0,0.581,25.65,95.8
21.4,14.81,0.16902,0,5.986,1.9929,2,188,19.1,385.02,0,0.581,25.65,88.4
15.7,27.26,0.38735,0,5.613,1.7572,2,188,19.1,359.29,0,0.581,25.65,95.6
16.2,17.19,0.25915,0,5.693,1.7883,4,437,21.2,392.11,0,0.624,21.89,96
18,15.39,0.32543,0,6.431,1.8125,4,437,21.2,396.9,0,0.624,21.89,98.8
14.3,18.34,0.88125,0,5.637,1.9799,4,437,21.2,396.9,0,0.624,21.89,94.7
19.2,12.6,0.34006,0,6.458,2.1185,4,437,21.2,395.04,0,0.624,21.89,98.9
19.6,12.26,1.19294,0,6.326,2.271,4,437,21.2,396.9,0,0.624,21.89,97.7
23,11.12,0.59005,0,6.372,2.3274,4,437,21.2,385.76,0,0.624,21.89,97.9
18.4,15.03,0.32982,0,5.822,2.4699,4,437,21.2,388.69,0,0.624,21.89,95.4
15.6,17.31,0.97617,0,5.757,2.346,4,437,21.2,262.76,0,0.624,21.89,98.4
18.1,16.96,0.55778,0,6.335,2.1107,4,437,21.2,394.67,0,0.624,21.89,98.2
17.4,16.9,0.32264,0,5.942,1.9669,4,437,21.2,378.25,0,0.624,21.89,93.5
17.1,14.59,0.35233,0,6.454,1.8498,4,437,21.2,394.08,0,0.624,21.89,98.4
13.3,21.32,0.2498,0,5.857,1.6686,4,437,21.2,392.04,0,0.624,21.89,98.2
17.8,18.46,0.54452,0,6.151,1.6687,4,437,21.2,396.9,0,0.624,21.89,97.9
14,24.16,0.2909,0,6.174,1.6119,4,437,21.2,388.08,0,0.624,21.89,93.6
14.4,34.41,1.62864,0,5.019,1.4394,4,437,21.2,396.9,0,0.624,21.89,100
13.4,26.82,3.32105,1,5.403,1.3216,5,403,14.7,396.9,0,0.871,19.58,100
15.6,26.42,4.0974,0,5.468,1.4118,5,403,14.7,396.9,0,0.871,19.58,100
11.8,29.29,2.77974,0,4.903,1.3459,5,403,14.7,396.9,0,0.871,19.58,97.8
13.8,27.8,2.37934,0,6.13,1.4191,5,403,14.7,172.91,0,0.871,19.58,100
15.6,16.65,2.15505,0,5.628,1.5166,5,403,14.7,169.27,0,0.871,19.58,100
14.6,29.53,2.36862,0,4.926,1.4608,5,403,14.7,391.71,0,0.871,19.58,95.7
17.8,28.32,2.33099,0,5.186,1.5296,5,403,14.7,356.99,0,0.871,19.58,93.8
15.4,21.45,2.73397,0,5.597,1.5257,5,403,14.7,351.85,0,0.871,19.58,94.9
21.5,14.1,1.6566,0,6.122,1.618,5,403,14.7,372.8,0,0.871,19.58,97.3
19.6,13.28,1.49632,0,5.404,1.5916,5,403,14.7,341.6,0,0.871,19.58,100
15.3,12.12,1.12658,1,5.012,1.6102,5,403,14.7,343.28,0,0.871,19.58,88
19.4,15.79,2.14918,0,5.709,1.6232,5,403,14.7,261.95,0,0.871,19.58,98.5
17,15.12,1.41385,1,6.129,1.7494,5,403,14.7,321.02,0,0.871,19.58,96
15.6,15.02,3.53501,1,6.152,1.7455,5,403,14.7,88.01,0,0.871,19.58,82.6
13.1,16.14,2.44668,0,5.272,1.7364,5,403,14.7,88.63,0,0.871,19.58,94
41.3,4.59,1.22358,0,6.943,1.8773,5,403,14.7,363.43,0,0.605,19.58,97.4
24.3,6.43,1.34284,0,6.066,1.7573,5,403,14.7,353.89,0,0.605,19.58,100
23.3,7.39,1.42502,0,6.51,1.7659,5,403,14.7,364.31,0,0.871,19.58,100
27,5.5,1.27346,1,6.25,1.7984,5,403,14.7,338.92,0,0.605,19.58,92.6
50,1.73,1.46336,0,7.489,1.9709,5,403,14.7,374.43,0,0.605,19.58,90.8
50,1.92,1.83377,1,7.802,2.0407,5,403,14.7,389.61,0,0.605,19.58,98.2
50,3.32,1.51902,1,8.375,2.162,5,403,14.7,388.45,0,0.605,19.58,93.9
22.7,11.64,2.24236,0,5.854,2.422,5,403,14.7,395.11,0,0.605,19.58,91.8
25,9.81,2.924,0,6.101,2.2834,5,403,14.7,240.16,0,0.605,19.58,93
50,3.7,2.01019,0,7.929,2.0459,5,403,14.7,369.3,0,0.605,19.58,96.2
23.8,12.14,1.80028,0,5.877,2.4259,5,403,14.7,227.61,0,0.605,19.58,79.2
23.8,11.1,2.3004,0,6.319,2.1,5,403,14.7,297.09,0,0.605,19.58,96.1
22.3,11.32,2.44953,0,6.402,2.2625,5,403,14.7,330.04,0,0.605,19.58,95.2
17.4,14.43,1.20742,0,5.875,2.4259,5,403,14.7,292.29,0,0.605,19.58,94.6
19.1,12.03,2.3139,0,5.88,2.3887,5,403,14.7,348.13,0,0.605,19.58,97.3
23.1,14.69,0.13914,0,5.572,2.5961,5,296,16.6,396.9,0,0.51,4.05,88.5
23.6,9.04,0.09178,0,6.416,2.6463,5,296,16.6,395.5,0,0.51,4.05,84.1
22.6,9.64,0.08447,0,5.859,2.7019,5,296,16.6,393.23,0,0.51,4.05,68.7
29.4,5.33,0.06664,0,6.546,3.1323,5,296,16.6,390.96,0,0.51,4.05,33.1
23.2,10.11,0.07022,0,6.02,3.5549,5,296,16.6,393.23,0,0.51,4.05,47.2
24.6,6.29,0.05425,0,6.315,3.3175,5,296,16.6,395.6,0,0.51,4.05,73.4
29.9,6.92,0.06642,0,6.86,2.9153,5,296,16.6,391.27,0,0.51,4.05,74.4
37.2,5.04,0.0578,0,6.98,2.829,3,193,17.8,396.9,0,0.488,2.46,58.4
39.8,7.56,0.06588,0,7.765,2.741,3,193,17.8,395.56,0,0.488,2.46,83.3
36.2,9.45,0.06888,0,6.144,2.5979,3,193,17.8,396.9,0,0.488,2.46,62.2
37.9,4.82,0.09103,0,7.155,2.7006,3,193,17.8,394.12,0,0.488,2.46,92.2
32.5,5.68,0.10008,0,6.563,2.847,3,193,17.8,396.9,0,0.488,2.46,95.6
26.4,13.98,0.08308,0,5.604,2.9879,3,193,17.8,391,0,0.488,2.46,89.8
29.6,13.15,0.06047,0,6.153,3.2797,3,193,17.8,387.11,0,0.488,2.46,68.8
50,4.45,0.05602,0,7.831,3.1992,3,193,17.8,392.63,0,0.488,2.46,53.6
32,6.68,0.07875,0,6.782,3.7886,5,398,15.2,393.87,45,0.437,3.44,41.1
29.8,4.56,0.12579,0,6.556,4.5667,5,398,15.2,382.84,45,0.437,3.44,29.1
34.9,5.39,0.0837,0,7.185,4.5667,5,398,15.2,396.9,45,0.437,3.44,38.9
37,5.1,0.09068,0,6.951,6.4798,5,398,15.2,377.68,45,0.437,3.44,21.5
30.5,4.69,0.06911,0,6.739,6.4798,5,398,15.2,389.71,45,0.437,3.44,30.8
36.4,2.87,0.08664,0,7.178,6.4798,5,398,15.2,390.49,45,0.437,3.44,26.3
31.1,5.03,0.02187,0,6.8,6.2196,1,265,15.6,393.37,60,0.401,2.93,9.9
29.1,4.38,0.01439,0,6.604,6.2196,1,265,15.6,376.7,60,0.401,2.93,18.8
50,2.97,0.01381,0,7.875,5.6484,4,255,14.4,394.23,80,0.422,0.46,32
33.3,4.08,0.04011,0,7.287,7.309,2,329,12.6,396.9,80,0.404,1.52,34.1
30.3,8.61,0.04666,0,7.107,7.309,2,329,12.6,354.31,80,0.404,1.52,36.6
34.6,6.62,0.03768,0,7.274,7.309,2,329,12.6,392.2,80,0.404,1.52,38.3
34.9,4.56,0.0315,0,6.975,7.6534,3,402,17,396.9,95,0.403,1.47,15.3
32.9,4.45,0.01778,0,7.135,7.6534,3,402,17,384.3,95,0.403,1.47,13.9
24.1,7.43,0.03445,0,6.162,6.27,2,348,14.7,393.77,82.5,0.415,2.03,38.4
42.3,3.11,0.02177,0,7.61,6.27,2,348,14.7,395.38,82.5,0.415,2.03,15.7
48.5,3.81,0.0351,0,7.853,5.118,4,224,14.7,392.78,95,0.4161,2.68,33.2
50,2.88,0.02009,0,8.034,5.118,4,224,14.7,390.55,95,0.4161,2.68,31.9
22.6,10.87,0.13642,0,5.891,3.9454,4,277,18.6,396.9,0,0.489,10.59,22.3
24.4,10.97,0.22969,0,6.326,4.3549,4,277,18.6,394.87,0,0.489,10.59,52.5
22.5,18.06,0.25199,0,5.783,4.3549,4,277,18.6,389.43,0,0.489,10.59,72.7
24.4,14.66,0.13587,1,6.064,4.2392,4,277,18.6,381.32,0,0.489,10.59,59.1
20,23.09,0.43571,1,5.344,3.875,4,277,18.6,396.9,0,0.489,10.59,100
21.7,17.27,0.17446,1,5.96,3.8771,4,277,18.6,393.25,0,0.489,10.59,92.1
19.3,23.98,0.37578,1,5.404,3.665,4,277,18.6,395.24,0,0.489,10.59,88.6
22.4,16.03,0.21719,1,5.807,3.6526,4,277,18.6,390.94,0,0.489,10.59,53.8
28.1,9.38,0.14052,0,6.375,3.9454,4,277,18.6,385.81,0,0.489,10.59,32.3
23.7,29.55,0.28955,0,5.412,3.5875,4,277,18.6,348.93,0,0.489,10.59,9.8
25,9.47,0.19802,0,6.182,3.9454,4,277,18.6,393.63,0,0.489,10.59,42.4
23.3,13.51,0.0456,1,5.888,3.1121,5,276,16.4,392.8,0,0.55,13.89,56
28.7,9.69,0.07013,0,6.642,3.4211,5,276,16.4,392.78,0,0.55,13.89,85.1
21.5,17.92,0.11069,1,5.951,2.8893,5,276,16.4,396.9,0,0.55,13.89,93.8
23,10.5,0.11425,1,6.373,3.3633,5,276,16.4,393.74,0,0.55,13.89,92.4
26.7,9.71,0.35809,1,6.951,2.8617,8,307,17.4,391.7,0,0.507,6.2,88.5
21.7,21.46,0.40771,1,6.164,3.048,8,307,17.4,395.24,0,0.507,6.2,91.3
27.5,9.93,0.62356,1,6.879,3.2721,8,307,17.4,390.39,0,0.507,6.2,77.7
30.1,7.6,0.6147,0,6.618,3.2721,8,307,17.4,396.9,0,0.507,6.2,80.8
44.8,4.14,0.31533,0,8.266,2.8944,8,307,17.4,385.05,0,0.504,6.2,78.3
50,4.63,0.52693,0,8.725,2.8944,8,307,17.4,382,0,0.504,6.2,83
37.6,3.13,0.38214,0,8.04,3.2157,8,307,17.4,387.38,0,0.504,6.2,86.5
31.6,6.36,0.41238,0,7.163,3.2157,8,307,17.4,372.08,0,0.504,6.2,79.9
46.7,3.92,0.29819,0,7.686,3.3751,8,307,17.4,377.51,0,0.504,6.2,17
31.5,3.76,0.44178,0,6.552,3.3751,8,307,17.4,380.34,0,0.504,6.2,21.4
24.3,11.65,0.537,0,5.981,3.6715,8,307,17.4,378.35,0,0.504,6.2,68.1
31.7,5.25,0.46296,0,7.412,3.6715,8,307,17.4,376.14,0,0.504,6.2,76.9
41.7,2.47,0.57529,0,8.337,3.8384,8,307,17.4,385.91,0,0.507,6.2,73.3
48.3,3.95,0.33147,0,8.247,3.6519,8,307,17.4,378.95,0,0.507,6.2,70.4
29,8.05,0.44791,1,6.726,3.6519,8,307,17.4,360.2,0,0.507,6.2,66.5
24,10.88,0.33045,0,6.086,3.6519,8,307,17.4,376.75,0,0.507,6.2,61.5
25.1,9.54,0.52058,1,6.631,4.148,8,307,17.4,388.45,0,0.507,6.2,76.5
31.5,4.73,0.51183,0,7.358,4.148,8,307,17.4,390.07,0,0.507,6.2,71.6
23.7,6.36,0.08244,0,6.481,6.1899,6,300,16.6,379.41,30,0.428,4.93,18.5
23.3,7.37,0.09252,0,6.606,6.1899,6,300,16.6,383.78,30,0.428,4.93,42.2
22,11.38,0.11329,0,6.897,6.3361,6,300,16.6,391.25,30,0.428,4.93,54.3
20.1,12.4,0.10612,0,6.095,6.3361,6,300,16.6,394.62,30,0.428,4.93,65.1
22.2,11.22,0.1029,0,6.358,7.0355,6,300,16.6,372.75,30,0.428,4.93,52.9
23.7,5.19,0.12757,0,6.393,7.0355,6,300,16.6,374.71,30,0.428,4.93,7.8
17.6,12.5,0.20608,0,5.593,7.9549,7,330,19.1,372.49,22,0.431,5.86,76.5
18.5,18.46,0.19133,0,5.605,7.9549,7,330,19.1,389.13,22,0.431,5.86,70.2
24.3,9.16,0.33983,0,6.108,8.0555,7,330,19.1,390.18,22,0.431,5.86,34.9
20.5,10.15,0.19657,0,6.226,8.0555,7,330,19.1,376.14,22,0.431,5.86,79.2
24.5,9.52,0.16439,0,6.433,7.8265,7,330,19.1,374.71,22,0.431,5.86,49.1
26.2,6.56,0.19073,0,6.718,7.8265,7,330,19.1,393.74,22,0.431,5.86,17.5
24.4,5.9,0.1403,0,6.487,7.3967,7,330,19.1,396.28,22,0.431,5.86,13
24.8,3.59,0.21409,0,6.438,7.3967,7,330,19.1,377.07,22,0.431,5.86,8.9
29.6,3.53,0.08221,0,6.957,8.9067,7,330,19.1,386.09,22,0.431,5.86,6.8
42.8,3.54,0.36894,0,8.259,8.9067,7,330,19.1,396.9,22,0.431,5.86,8.4
21.9,6.57,0.04819,0,6.108,9.2203,1,315,16.4,392.89,80,0.392,3.64,32
20.9,9.25,0.03548,0,5.876,9.2203,1,315,16.4,395.18,80,0.392,3.64,19.1
44,3.11,0.01538,0,7.454,6.3361,3,244,15.9,386.34,90,0.394,3.75,34.2
50,5.12,0.61154,0,8.704,1.801,5,264,13,389.7,20,0.647,3.97,86.9
36,7.79,0.66351,0,7.333,1.8946,5,264,13,383.29,20,0.647,3.97,100
30.1,6.9,0.65665,0,6.842,2.0107,5,264,13,391.93,20,0.647,3.97,100
33.8,9.59,0.54011,0,7.203,2.1121,5,264,13,392.8,20,0.647,3.97,81.8
43.1,7.26,0.53412,0,7.52,2.1398,5,264,13,388.37,20,0.647,3.97,89.4
48.8,5.91,0.52014,0,8.398,2.2885,5,264,13,386.86,20,0.647,3.97,91.5
31,11.25,0.82526,0,7.327,2.0788,5,264,13,393.42,20,0.647,3.97,94.5
36.5,8.1,0.55007,0,7.206,1.9301,5,264,13,387.89,20,0.647,3.97,91.6
22.8,10.45,0.76162,0,5.56,1.9865,5,264,13,392.4,20,0.647,3.97,62.8
30.7,14.79,0.7857,0,7.014,2.1329,5,264,13,384.07,20,0.647,3.97,84.6
50,7.44,0.57834,0,8.297,2.4216,5,264,13,384.54,20,0.575,3.97,67
43.5,3.16,0.5405,0,7.47,2.872,5,264,13,390.3,20,0.575,3.97,52.6
20.7,13.65,0.09065,1,5.92,3.9175,3,223,18.6,391.34,20,0.464,6.96,61.5
21.1,13,0.29916,0,5.856,4.429,3,223,18.6,388.65,20,0.464,6.96,42.1
25.2,6.59,0.16211,0,6.24,4.429,3,223,18.6,396.9,20,0.464,6.96,16.3
24.4,7.73,0.1146,0,6.538,3.9175,3,223,18.6,394.96,20,0.464,6.96,58.7
35.2,6.58,0.22188,1,7.691,4.3665,3,223,18.6,390.77,20,0.464,6.96,51.8
32.4,3.53,0.05644,1,6.758,4.0776,4,254,17.6,396.9,40,0.447,6.41,32.9
32,2.98,0.09604,0,6.854,4.2673,4,254,17.6,396.9,40,0.447,6.41,42.8
33.2,6.05,0.10469,1,7.267,4.7872,4,254,17.6,389.25,40,0.447,6.41,49
33.1,4.16,0.06127,1,6.826,4.8628,4,254,17.6,393.45,40,0.447,6.41,27.6
29.1,7.19,0.07978,0,6.482,4.1403,4,254,17.6,396.9,40,0.447,6.41,32.1
35.1,4.85,0.21038,0,6.812,4.1007,5,216,14.9,396.9,20,0.4429,3.33,32.2
45.4,3.76,0.03578,0,7.82,4.6947,5,216,14.9,387.31,20,0.4429,3.33,64.5
35.4,4.59,0.03705,0,6.968,5.2447,5,216,14.9,392.23,20,0.4429,3.33,37.2
46,3.01,0.06129,1,7.645,5.2119,5,216,14.9,377.07,20,0.4429,3.33,49.7
50,3.16,0.01501,1,7.923,5.885,1,198,13.6,395.52,90,0.401,1.21,24.8
32.2,7.85,0.00906,0,7.088,7.3073,1,285,15.3,394.72,90,0.4,2.97,20.8
22,8.23,0.01096,0,6.453,7.3073,1,300,15.3,394.72,55,0.389,2.25,31.9
20.1,12.93,0.01965,0,6.23,9.0892,1,241,18.2,341.6,80,0.385,1.76,31.5
23.2,7.14,0.03871,0,6.209,7.3172,6,293,16.6,396.9,52.5,0.405,5.32,31.3
22.3,7.6,0.0459,0,6.315,7.3172,6,293,16.6,396.9,52.5,0.405,5.32,45.6
24.8,9.51,0.04297,0,6.565,7.3172,6,293,16.6,371.72,52.5,0.405,5.32,22.9
28.5,3.33,0.03502,0,6.861,5.1167,4,245,19.2,396.9,80,0.411,4.95,27.9
37.3,3.56,0.07886,0,7.148,5.1167,4,245,19.2,396.9,80,0.411,4.95,27.7
27.9,4.7,0.03615,0,6.63,5.1167,4,245,19.2,396.9,80,0.411,4.95,23.4
23.9,8.58,0.08265,0,6.127,5.5027,4,289,16,396.9,0,0.437,13.92,18.4
21.7,10.4,0.08199,0,6.009,5.5027,4,289,16,396.9,0,0.437,13.92,42.3
28.6,6.27,0.12932,0,6.678,5.9604,4,289,16,396.9,0,0.437,13.92,31.1
27.1,7.39,0.05372,0,6.549,5.9604,4,289,16,392.85,0,0.437,13.92,51
20.3,15.84,0.14103,0,5.79,6.32,4,289,16,396.9,0,0.437,13.92,58
22.5,4.97,0.06466,0,6.345,7.8278,5,358,14.8,368.24,70,0.4,2.24,20.1
29,4.74,0.05561,0,7.041,7.8278,5,358,14.8,371.58,70,0.4,2.24,10
24.8,6.07,0.04417,0,6.871,7.8278,5,358,14.8,390.86,70,0.4,2.24,47.4
22,9.5,0.03537,0,6.59,5.4917,7,329,16.1,395.75,34,0.433,6.09,40.4
26.4,8.67,0.09266,0,6.495,5.4917,7,329,16.1,383.61,34,0.433,6.09,18.4
33.1,4.86,0.1,0,6.982,5.4917,7,329,16.1,390.43,34,0.433,6.09,17.7
36.1,6.93,0.05515,0,7.236,4.022,7,222,18.4,393.68,33,0.472,2.18,41.1
28.4,8.93,0.05479,0,6.616,3.37,7,222,18.4,393.36,33,0.472,2.18,58.1
33.4,6.47,0.07503,0,7.42,3.0992,7,222,18.4,396.9,33,0.472,2.18,71.9
28.2,7.53,0.04932,0,6.849,3.1827,7,222,18.4,396.9,33,0.472,2.18,70.3
22.8,4.54,0.49298,0,6.635,3.3175,4,304,18.4,396.9,0,0.544,9.9,82.5
20.3,9.97,0.3494,0,5.972,3.1025,4,304,18.4,396.24,0,0.544,9.9,76.7
16.1,12.64,2.63548,0,4.973,2.5194,4,304,18.4,350.45,0,0.544,9.9,37.8
22.1,5.98,0.79041,0,6.122,2.6403,4,304,18.4,396.9,0,0.544,9.9,52.8
19.4,11.72,0.26169,0,6.023,2.834,4,304,18.4,396.3,0,0.544,9.9,90.4
21.6,7.9,0.26938,0,6.266,3.2628,4,304,18.4,393.39,0,0.544,9.9,82.8
23.8,9.28,0.3692,0,6.567,3.6023,4,304,18.4,395.69,0,0.544,9.9,87.3
16.2,11.5,0.25356,0,5.705,3.945,4,304,18.4,396.42,0,0.544,9.9,77.7
17.8,18.33,0.31827,0,5.914,3.9986,4,304,18.4,390.7,0,0.544,9.9,83.2
19.8,15.94,0.24522,0,5.782,4.0317,4,304,18.4,396.9,0,0.544,9.9,71.7
23.1,10.36,0.40202,0,6.382,3.5325,4,304,18.4,395.21,0,0.544,9.9,67.2
21,12.73,0.47547,0,6.113,4.0019,4,304,18.4,396.23,0,0.544,9.9,58.8
23.8,7.2,0.1676,0,6.426,4.5404,5,287,19.6,396.9,0,0.493,7.38,52.3
23.1,6.87,0.18159,0,6.376,4.5404,5,287,19.6,396.9,0,0.493,7.38,54.3
20.4,7.7,0.35114,0,6.041,4.7211,5,287,19.6,396.9,0,0.493,7.38,49.9
18.5,11.74,0.28392,0,5.708,4.7211,5,287,19.6,391.13,0,0.493,7.38,74.3
25,6.12,0.34109,0,6.415,4.7211,5,287,19.6,396.9,0,0.493,7.38,40.1
24.6,5.08,0.19186,0,6.431,5.4159,5,287,19.6,393.68,0,0.493,7.38,14.7
23,6.15,0.30347,0,6.312,5.4159,5,287,19.6,396.9,0,0.493,7.38,28.9
22.2,12.79,0.24103,0,6.083,5.4159,5,287,19.6,396.9,0,0.493,7.38,43.7
19.3,9.97,0.06617,0,5.868,5.2146,4,430,16.9,382.44,0,0.46,3.24,25.8
22.6,7.34,0.06724,0,6.333,5.2146,4,430,16.9,375.21,0,0.46,3.24,17.2
19.8,9.09,0.04544,0,6.144,5.8736,4,430,16.9,368.57,0,0.46,3.24,32.2
17.1,12.43,0.05023,0,5.706,6.6407,1,304,16.9,394.02,35,0.4379,6.06,28.4
19.4,7.83,0.03466,0,6.031,6.6407,1,304,16.9,362.25,35,0.4379,6.06,23.3
22.2,5.68,0.05083,0,6.316,6.4584,5,224,20.2,389.71,0,0.515,5.19,38.1
20.7,6.75,0.03738,0,6.31,6.4584,5,224,20.2,389.4,0,0.515,5.19,38.5
21.1,8.01,0.03961,0,6.037,5.9853,5,224,20.2,396.9,0,0.515,5.19,34.5
19.5,9.8,0.03427,0,5.869,5.2311,5,224,20.2,396.9,0,0.515,5.19,46.3
18.5,10.56,0.03041,0,5.895,5.615,5,224,20.2,394.81,0,0.515,5.19,59.6
20.6,8.51,0.03306,0,6.059,4.8122,5,224,20.2,396.14,0,0.515,5.19,37.3
19,9.74,0.05497,0,5.985,4.8122,5,224,20.2,396.9,0,0.515,5.19,45.4
18.7,9.29,0.06151,0,5.968,4.8122,5,224,20.2,396.9,0,0.515,5.19,58.5
32.7,5.49,0.01301,0,7.241,7.0379,1,284,15.5,394.74,35,0.442,1.52,49.3
16.5,8.65,0.02498,0,6.54,6.2669,1,422,15.9,389.96,0,0.518,1.89,59.7
23.9,7.18,0.02543,0,6.696,5.7321,5,370,17.6,396.9,55,0.484,3.78,56.4
31.2,4.61,0.03049,0,6.874,6.4654,5,370,17.6,387.97,55,0.484,3.78,28.1
17.5,10.53,0.03113,0,6.014,8.0136,3,352,18.8,385.64,0,0.442,4.39,48.5
17.2,12.67,0.06162,0,5.898,8.0136,3,352,18.8,364.61,0,0.442,4.39,52.3
23.1,6.36,0.0187,0,6.516,8.5353,4,351,17.9,392.43,85,0.429,4.15,27.7
24.5,5.99,0.01501,0,6.635,8.344,4,280,17,390.94,80,0.435,2.01,29.7
26.6,5.89,0.02899,0,6.939,8.7921,1,335,19.7,389.85,40,0.429,1.25,34.5
22.9,5.98,0.06211,0,6.49,8.7921,1,335,19.7,396.9,40,0.429,1.25,44.4
24.1,5.49,0.0795,0,6.579,10.7103,4,411,18.3,370.78,60,0.411,1.69,35.9
18.6,7.79,0.07244,0,5.884,10.7103,4,411,18.3,392.33,60,0.411,1.69,18.5
30.1,4.5,0.01709,0,6.728,12.1265,5,187,17,384.46,90,0.41,2.02,36.1
18.2,8.05,0.04301,0,5.663,10.5857,4,334,22,382.8,80,0.413,1.91,21.9
20.6,5.57,0.10659,0,5.936,10.5857,4,334,22,376.04,80,0.413,1.91,19.5
17.8,17.6,8.98296,1,6.212,2.1222,24,666,20.2,377.73,0,0.77,18.1,97.4
21.7,13.27,3.8497,1,6.395,2.5052,24,666,20.2,391.34,0,0.77,18.1,91
22.7,11.48,5.20177,1,6.127,2.7227,24,666,20.2,395.43,0,0.77,18.1,83.4
22.6,12.67,4.26131,0,6.112,2.5091,24,666,20.2,390.74,0,0.77,18.1,81.3
25,7.79,4.54192,0,6.398,2.5182,24,666,20.2,374.56,0,0.77,18.1,88
19.9,14.19,3.83684,0,6.251,2.2955,24,666,20.2,350.65,0,0.77,18.1,91.1
20.8,10.19,3.67822,0,5.362,2.1036,24,666,20.2,380.79,0,0.77,18.1,96.2
16.8,14.64,4.22239,1,5.803,1.9047,24,666,20.2,353.04,0,0.77,18.1,89
21.9,5.29,3.47428,1,8.78,1.9047,24,666,20.2,354.55,0,0.718,18.1,82.9
27.5,7.12,4.55587,0,3.561,1.6132,24,666,20.2,354.7,0,0.718,18.1,87.9
21.9,14,3.69695,0,4.963,1.7523,24,666,20.2,316.03,0,0.718,18.1,91.4
23.1,13.33,13.5222,0,3.863,1.5106,24,666,20.2,131.42,0,0.631,18.1,100
50,3.26,4.89822,0,4.97,1.3325,24,666,20.2,375.52,0,0.631,18.1,100
50,3.73,5.66998,1,6.683,1.3567,24,666,20.2,375.33,0,0.631,18.1,96.8
50,2.96,6.53876,1,7.016,1.2024,24,666,20.2,392.05,0,0.631,18.1,97.5
50,9.53,9.2323,0,6.216,1.1691,24,666,20.2,366.15,0,0.631,18.1,100
50,8.88,8.26725,1,5.875,1.1296,24,666,20.2,347.88,0,0.668,18.1,89.6
13.8,34.77,11.1081,0,4.906,1.1742,24,666,20.2,396.9,0,0.668,18.1,100
13.8,37.97,18.4982,0,4.138,1.137,24,666,20.2,396.9,0,0.668,18.1,100
15,13.44,19.6091,0,7.313,1.3163,24,666,20.2,396.9,0,0.671,18.1,97.9
13.9,23.24,15.288,0,6.649,1.3449,24,666,20.2,363.02,0,0.671,18.1,93.3
13.3,21.24,9.82349,0,6.794,1.358,24,666,20.2,396.9,0,0.671,18.1,98.8
13.1,23.69,23.6482,0,6.38,1.3861,24,666,20.2,396.9,0,0.671,18.1,96.2
10.2,21.78,17.8667,0,6.223,1.3861,24,666,20.2,393.74,0,0.671,18.1,100
10.4,17.21,88.9762,0,6.968,1.4165,24,666,20.2,396.9,0,0.671,18.1,91.9
10.9,21.08,15.8744,0,6.545,1.5192,24,666,20.2,396.9,0,0.671,18.1,99.1
11.3,23.6,9.18702,0,5.536,1.5804,24,666,20.2,396.9,0,0.7,18.1,100
12.3,24.56,7.99248,0,5.52,1.5331,24,666,20.2,396.9,0,0.7,18.1,100
8.8,30.63,20.0849,0,4.368,1.4395,24,666,20.2,285.83,0,0.7,18.1,91.2
7.2,30.81,16.8118,0,5.277,1.4261,24,666,20.2,396.9,0,0.7,18.1,98.1
10.5,28.28,24.3938,0,4.652,1.4672,24,666,20.2,396.9,0,0.7,18.1,100
7.4,31.99,22.5971,0,5,1.5184,24,666,20.2,396.9,0,0.7,18.1,89.5
10.2,30.62,14.3337,0,4.88,1.5895,24,666,20.2,372.92,0,0.7,18.1,100
11.5,20.85,8.15174,0,5.39,1.7281,24,666,20.2,396.9,0,0.7,18.1,98.9
15.1,17.11,6.96215,0,5.713,1.9265,24,666,20.2,394.43,0,0.7,18.1,97
23.2,18.76,5.29305,0,6.051,2.1678,24,666,20.2,378.38,0,0.7,18.1,82.5
9.7,25.68,11.5779,0,5.036,1.77,24,666,20.2,396.9,0,0.7,18.1,97
13.8,15.17,8.64476,0,6.193,1.7912,24,666,20.2,396.9,0,0.693,18.1,92.6
12.7,16.35,13.3598,0,5.887,1.7821,24,666,20.2,396.9,0,0.693,18.1,94.7
13.1,17.12,8.71675,0,6.471,1.7257,24,666,20.2,391.98,0,0.693,18.1,98.8
12.5,19.37,5.87205,0,6.405,1.6768,24,666,20.2,396.9,0,0.693,18.1,96
8.5,19.92,7.67202,0,5.747,1.6334,24,666,20.2,393.1,0,0.693,18.1,98.9
5,30.59,38.3518,0,5.453,1.4896,24,666,20.2,396.9,0,0.693,18.1,100
6.3,29.97,9.91655,0,5.852,1.5004,24,666,20.2,338.16,0,0.693,18.1,77.8
5.6,26.77,25.0461,0,5.987,1.5888,24,666,20.2,396.9,0,0.693,18.1,100
7.2,20.32,14.2362,0,6.343,1.5741,24,666,20.2,396.9,0,0.693,18.1,100
12.1,20.31,9.59571,0,6.404,1.639,24,666,20.2,376.11,0,0.693,18.1,100
8.3,19.77,24.8017,0,5.349,1.7028,24,666,20.2,396.9,0,0.693,18.1,96
8.5,27.38,41.5292,0,5.531,1.6074,24,666,20.2,329.46,0,0.693,18.1,85.4
5,22.98,67.9208,0,5.683,1.4254,24,666,20.2,384.97,0,0.693,18.1,100
11.9,23.34,20.7162,0,4.138,1.1781,24,666,20.2,370.22,0,0.659,18.1,100
27.9,12.13,11.9511,0,5.608,1.2852,24,666,20.2,332.09,0,0.659,18.1,100
17.2,26.4,7.40389,0,5.617,1.4547,24,666,20.2,314.64,0,0.597,18.1,97.9
27.5,19.78,14.4383,0,6.852,1.4655,24,666,20.2,179.36,0,0.597,18.1,100
15,10.11,51.1358,0,5.757,1.413,24,666,20.2,2.6,0,0.597,18.1,100
17.2,21.22,14.0507,0,6.657,1.5275,24,666,20.2,35.05,0,0.597,18.1,100
17.9,34.37,18.811,0,4.628,1.5539,24,666,20.2,28.79,0,0.597,18.1,100
16.3,20.08,28.6558,0,5.155,1.5894,24,666,20.2,210.97,0,0.597,18.1,100
7,36.98,45.7461,0,4.519,1.6582,24,666,20.2,88.27,0,0.693,18.1,100
7.2,29.05,18.0846,0,6.434,1.8347,24,666,20.2,27.25,0,0.679,18.1,100
7.5,25.79,10.8342,0,6.782,1.8195,24,666,20.2,21.57,0,0.679,18.1,90.8
10.4,26.64,25.9406,0,5.304,1.6475,24,666,20.2,127.36,0,0.679,18.1,89.1
8.8,20.62,73.5341,0,5.957,1.8026,24,666,20.2,16.45,0,0.679,18.1,100
8.4,22.74,11.8123,0,6.824,1.794,24,666,20.2,48.45,0,0.718,18.1,76.5
16.7,15.02,11.0874,0,6.411,1.8589,24,666,20.2,318.75,0,0.718,18.1,100
14.2,15.7,7.02259,0,6.006,1.8746,24,666,20.2,319.98,0,0.718,18.1,95.3
20.8,14.1,12.0482,0,5.648,1.9512,24,666,20.2,291.55,0,0.614,18.1,87.6
13.4,23.29,7.05042,0,6.103,2.0218,24,666,20.2,2.52,0,0.614,18.1,85.1
11.7,17.16,8.79212,0,5.565,2.0635,24,666,20.2,3.65,0,0.584,18.1,70.6
8.3,24.39,15.8603,0,5.896,1.9096,24,666,20.2,7.68,0,0.679,18.1,95.4
10.2,15.69,12.2472,0,5.837,1.9976,24,666,20.2,24.65,0,0.584,18.1,59.7
10.9,14.52,37.6619,0,6.202,1.8629,24,666,20.2,18.82,0,0.679,18.1,78.7
11,21.52,7.36711,0,6.193,1.9356,24,666,20.2,96.73,0,0.679,18.1,78.1
9.5,24.08,9.33889,0,6.38,1.9682,24,666,20.2,60.72,0,0.679,18.1,95.6
14.5,17.64,8.49213,0,6.348,2.0527,24,666,20.2,83.45,0,0.584,18.1,86.1
14.1,19.69,10.0623,0,6.833,2.0882,24,666,20.2,81.33,0,0.584,18.1,94.3
16.1,12.03,6.44405,0,6.425,2.2004,24,666,20.2,97.95,0,0.584,18.1,74.8
14.3,16.22,5.58107,0,6.436,2.3158,24,666,20.2,100.19,0,0.713,18.1,87.9
11.7,15.17,13.9134,0,6.208,2.2222,24,666,20.2,100.63,0,0.713,18.1,95
13.4,23.27,11.1604,0,6.629,2.1247,24,666,20.2,109.85,0,0.74,18.1,94.6
9.6,18.05,14.4208,0,6.461,2.0026,24,666,20.2,27.49,0,0.74,18.1,93.3
8.7,26.45,15.1772,0,6.152,1.9142,24,666,20.2,9.32,0,0.74,18.1,100
8.4,34.02,13.6781,0,5.935,1.8206,24,666,20.2,68.95,0,0.74,18.1,87.9
12.8,22.88,9.39063,0,5.627,1.8172,24,666,20.2,396.9,0,0.74,18.1,93.9
10.5,22.11,22.0511,0,5.818,1.8662,24,666,20.2,391.45,0,0.74,18.1,92.4
17.1,19.52,9.72418,0,6.406,2.0651,24,666,20.2,385.96,0,0.74,18.1,97.2
18.4,16.59,5.66637,0,6.219,2.0048,24,666,20.2,395.69,0,0.74,18.1,100
15.4,18.85,9.96654,0,6.485,1.9784,24,666,20.2,386.73,0,0.74,18.1,100
10.8,23.79,12.8023,0,5.854,1.8956,24,666,20.2,240.52,0,0.74,18.1,96.6
11.8,23.98,10.6718,0,6.459,1.9879,24,666,20.2,43.06,0,0.74,18.1,94.8
14.9,17.79,6.28807,0,6.341,2.072,24,666,20.2,318.01,0,0.74,18.1,96.4
12.6,16.44,9.92485,0,6.251,2.198,24,666,20.2,388.52,0,0.74,18.1,96.6
14.1,18.13,9.32909,0,6.185,2.2616,24,666,20.2,396.9,0,0.713,18.1,98.7
13,19.31,7.52601,0,6.417,2.185,24,666,20.2,304.21,0,0.713,18.1,98.3
13.4,17.44,6.71772,0,6.749,2.3236,24,666,20.2,0.32,0,0.713,18.1,92.6
15.2,17.73,5.44114,0,6.655,2.3552,24,666,20.2,355.29,0,0.713,18.1,98.2
16.1,17.27,5.09017,0,6.297,2.3682,24,666,20.2,385.09,0,0.713,18.1,91.8
17.8,16.74,8.24809,0,7.393,2.4527,24,666,20.2,375.87,0,0.713,18.1,99.3
14.9,18.71,9.51363,0,6.728,2.4961,24,666,20.2,6.68,0,0.713,18.1,94.1
14.1,18.13,4.75237,0,6.525,2.4358,24,666,20.2,50.92,0,0.713,18.1,86.5
12.7,19.01,4.66883,0,5.976,2.5806,24,666,20.2,10.48,0,0.713,18.1,87.9
13.5,16.94,8.20058,0,5.936,2.7792,24,666,20.2,3.5,0,0.713,18.1,80.3
14.9,16.23,7.75223,0,6.301,2.7831,24,666,20.2,272.21,0,0.713,18.1,83.7
20,14.7,6.80117,0,6.081,2.7175,24,666,20.2,396.9,0,0.713,18.1,84.4
16.4,16.42,4.81213,0,6.701,2.5975,24,666,20.2,255.23,0,0.713,18.1,90
17.7,14.65,3.69311,0,6.376,2.5671,24,666,20.2,391.43,0,0.713,18.1,88.4
19.5,13.99,6.65492,0,6.317,2.7344,24,666,20.2,396.9,0,0.713,18.1,83
20.2,10.29,5.82115,0,6.513,2.8016,24,666,20.2,393.82,0,0.713,18.1,89.9
21.4,13.22,7.83932,0,6.209,2.9634,24,666,20.2,396.9,0,0.655,18.1,65.4
19.9,14.13,3.1636,0,5.759,3.0665,24,666,20.2,334.4,0,0.655,18.1,48.2
19,17.15,3.77498,0,5.952,2.8715,24,666,20.2,22.01,0,0.655,18.1,84.7
19.1,21.32,4.42228,0,6.003,2.5403,24,666,20.2,331.29,0,0.584,18.1,94.5
19.1,18.13,15.5757,0,5.926,2.9084,24,666,20.2,368.74,0,0.58,18.1,71
20.1,14.76,13.0751,0,5.713,2.8237,24,666,20.2,396.9,0,0.58,18.1,56.7
19.9,16.29,4.34879,0,6.167,3.0334,24,666,20.2,396.9,0,0.58,18.1,84
19.6,12.87,4.03841,0,6.229,3.0993,24,666,20.2,395.33,0,0.532,18.1,90.7
23.2,14.36,3.56868,0,6.437,2.8965,24,666,20.2,393.37,0,0.58,18.1,75
29.8,11.66,4.64689,0,6.98,2.5329,24,666,20.2,374.68,0,0.614,18.1,67.6
13.8,18.14,8.05579,0,5.427,2.4298,24,666,20.2,352.58,0,0.584,18.1,95.4
13.3,24.1,6.39312,0,6.162,2.206,24,666,20.2,302.76,0,0.584,18.1,97.4
16.7,18.68,4.87141,0,6.484,2.3053,24,666,20.2,396.21,0,0.614,18.1,93.6
12,24.91,15.0234,0,5.304,2.1007,24,666,20.2,349.48,0,0.614,18.1,97.3
14.6,18.03,10.233,0,6.185,2.1705,24,666,20.2,379.7,0,0.614,18.1,96.7
21.4,13.11,14.3337,0,6.229,1.9512,24,666,20.2,383.32,0,0.614,18.1,88
23,10.74,5.82401,0,6.242,3.4242,24,666,20.2,396.9,0,0.532,18.1,64.7
23.7,7.74,5.70818,0,6.75,3.3317,24,666,20.2,393.07,0,0.532,18.1,74.9
25,7.01,5.73116,0,7.061,3.4106,24,666,20.2,395.28,0,0.532,18.1,77
21.8,10.42,2.81838,0,5.762,4.0983,24,666,20.2,392.92,0,0.532,18.1,40.3
20.6,13.34,2.37857,0,5.871,3.724,24,666,20.2,370.73,0,0.583,18.1,41.9
21.2,10.58,3.67367,0,6.312,3.9917,24,666,20.2,388.62,0,0.583,18.1,51.9
19.1,14.98,5.69175,0,6.114,3.5459,24,666,20.2,392.68,0,0.583,18.1,79.8
20.6,11.45,4.83567,0,5.905,3.1523,24,666,20.2,388.22,0,0.583,18.1,53.2
15.2,18.06,0.15086,0,5.454,1.8209,4,711,20.1,395.09,0,0.609,27.74,92.7
7,23.97,0.18337,0,5.414,1.7554,4,711,20.1,344.05,0,0.609,27.74,98.3
8.1,29.68,0.20746,0,5.093,1.8226,4,711,20.1,318.43,0,0.609,27.74,98
13.6,18.07,0.10574,0,5.983,1.8681,4,711,20.1,390.11,0,0.609,27.74,98.8
20.1,13.35,0.11132,0,5.983,2.1099,4,711,20.1,396.9,0,0.609,27.74,83.5
21.8,12.01,0.17331,0,5.707,2.3817,6,391,19.2,396.9,0,0.585,9.69,54
24.5,13.59,0.27957,0,5.926,2.3817,6,391,19.2,396.9,0,0.585,9.69,42.6
23.1,17.6,0.17899,0,5.67,2.7986,6,391,19.2,393.29,0,0.585,9.69,28.8
19.7,21.14,0.2896,0,5.39,2.7986,6,391,19.2,396.9,0,0.585,9.69,72.9
18.3,14.1,0.26838,0,5.794,2.8927,6,391,19.2,396.9,0,0.585,9.69,70.6
21.2,12.92,0.23912,0,6.019,2.4091,6,391,19.2,396.9,0,0.585,9.69,65.3
17.5,15.1,0.17783,0,5.569,2.3999,6,391,19.2,395.77,0,0.585,9.69,73.5
16.8,14.33,0.22438,0,6.027,2.4982,6,391,19.2,396.9,0,0.585,9.69,79.7
22.4,9.67,0.06263,0,6.593,2.4786,1,273,21,391.99,0,0.573,11.93,69.1
20.6,9.08,0.04527,0,6.12,2.2875,1,273,21,396.9,0,0.573,11.93,76.7
23.9,5.64,0.06076,0,6.976,2.1675,1,273,21,396.9,0,0.573,11.93,91
22,6.48,0.10959,0,6.794,2.3889,1,273,21,393.45,0,0.573,11.93,89.3
11.9,7.88,0.04741,0,6.03,2.505,1,273,21,396.9,0,0.573,11.93,80.8
